{"Z92WSDolfAhkE1QYRZijoA==":"cityride-jpg.jpg-96x54.jpg","US4auvhW7G2gsfkG4LVAuA==":"cityride-jpg.jpg-96x54.jpeg","VbSTi1juDXWdenBCDkPURg==":"grau-beige-marketing-konzept-unternehmen-prsentation.png-161x91.png","7eSbK70RddRMiUihC2zExQ==":"grau-beige-marketing-konzept-unternehmen-prsentation.png-1-161x91.png","cQ9bTHZTnf7LAUhDR/EWeA==":"grau-beige-marketing-konzept-unternehmen-prsentation.png-96x54.png","75zlMqVs+IcybBXuvgMbUg==":"grau-beige-marketing-konzept-unternehmen-prsentation.png-1-96x54.png","8AO6ryxPXkRVAR05aFu9RA==":"grau-beige-marketing-konzept-unternehmen-prsentation.png-1192x671.png","izJdjcTS1Iet+vj28jfHow==":"grau-beige-marketing-konzept-unternehmen-prsentation.png-169x95.png","HYPODj+joKA4JfHg4q3CYA==":"img-2903.jpeg-2000x2667.jpg","bUOYLh4O7ISM2tgbq2vAwg==":"download.jpg-259x194.jpg","HKNTj+J4u9aE0bUpme56Hg==":"grau-beige-marketing-konzept-unternehmen-prsentation.png-1920x1080.png"}